<?xml version="1.0" encoding="UTF-8"?>
<workflow-app xmlns="uri:oozie:workflow:0.2" name="firstSparkWorkFlow">
<start to="spark-node" />
<action name="spark-node">
<spark xmlns="uri:oozie:spark-action:0.1">
<job-tracker>${jobTracker}</job-tracker>
<name-node>${nameNode}</name-node>
<prepare>
<delete path="${nameNode}/user/${wf:user()}/${examplesRoot}/output-data"/>
</prepare>
<master>yarn</master>
<mode>cluster</mode>
<name>Ex1_SimpleRDD</name>
<class>Ex1_SimpleRDD</class>
<jar>${nameNode}/user/${wf:user()}/${examplesRoot}/learningspark-master_2.11-1.0.jar</jar>
<spark-opts>--driver-memory 520M --executor-memory 520M   --executor-cores 1  </spark-opts>
</spark>
<ok to="end" />
<error to="fail" />
</action>
<kill name="fail">
<message>Workflow failed, error
message[${wf:errorMessage(wf:lastErrorNode())}] </message>
</kill>
<end name="end" />
</workflow-app>