<?xml version="1.0" encoding="UTF-8"?>
<workflow-app xmlns="uri:oozie:workflow:0.2" name="OozieWorkFlow_Works">
    <start to="sqoop-node"/>
 
    <action name="sqoop-node">
        <sqoop xmlns="uri:oozie:sqoop-action:0.2">
            <job-tracker>${jobTracker}</job-tracker>
            <name-node>${nameNode}</name-node>
            <prepare>
                <delete path="${nameNode}/user/maria_dev/ratings"/>
            </prepare>
 
            <configuration>
                <property>
                    <name>mapred.job.queue.name</name>
                    <value>${queueName}</value>
                </property>
            </configuration>
            <command>import --connect jdbc:mysql://localhost/sqoop  --driver com.mysql.jdbc.Driver --table ratings -m 1</command>
        </sqoop>
        <ok to="end"/>
        <error to="fail"/>
    </action>
  
 
 
    <kill name="fail">
        <message>Sqoop failed, error message[${wf:errorMessage(wf:lastErrorNode())}]</message>
    </kill>
    <end name="end"/>
</workflow-app>
